ligand_name;best_affinity_kcal_mol;output_pdbqt;log_file;success;Smiles;original_index;error
ligand_1;;../data/docking/results\ligand_1_out.pdbqt;../data/docking/results\ligand_1_log.txt;False;CCN(CC)S(=O)(=O)c1ccccc1-c1ccc(C(=O)N[C@@H](CCCN=C(N)N)B2O[C@@H]3CC4CC(C4(C)C)[C@]3(C)O2)c(C)c1;1;
ligand_2;-9.448;../data/docking/results\ligand_2_out.pdbqt;../data/docking/results\ligand_2_log.txt;True;CCc1nc2cc(OC3CCN(C(C)=N)CC3)ccc2n1Cc1ccc(-c2ccc(C(=N)N)cc2)cc1;2;
ligand_3;-6.415;../data/docking/results\ligand_3_out.pdbqt;../data/docking/results\ligand_3_log.txt;True;CN(C(=O)C(Cc1ccc(CN)cc1)NS(=O)(=O)c1ccc2c(c1)CCCCC2)C1CCCC1;3;
ligand_4;-8.388;../data/docking/results\ligand_4_out.pdbqt;../data/docking/results\ligand_4_log.txt;True;Cc1cnc(NCCc2ccccc2)c(=O)n1CC(=O)NCc1cc(Cl)ccc1CN;4;
ligand_6;-8.6;../data/docking/results\ligand_6_out.pdbqt;../data/docking/results\ligand_6_log.txt;True;Cc1ccc(NC(=O)CCc2ccccc2)c(=O)n1CC(=O)NCC1CCN(C(=N)N)CC1;6;
ligand_7;-7.34;../data/docking/results\ligand_7_out.pdbqt;../data/docking/results\ligand_7_log.txt;True;c1ccc(COc2ccc(CNc3ccncc3)cc2)cc1;7;
ligand_8;-7.969;../data/docking/results\ligand_8_out.pdbqt;../data/docking/results\ligand_8_log.txt;True;COc1ccc(-n2nc(C(N)=O)c3c2C(=O)N(C2CCN(N4CCOCC4=O)CC2)CC3)cc1;8;
ligand_9;-7.616;../data/docking/results\ligand_9_out.pdbqt;../data/docking/results\ligand_9_log.txt;True;CC(Cc1ccc(C(=O)Oc2ccc(C(=N)N)cc2)o1)C(=O)NCCC(=O)O;9;
ligand_10;-9.687;../data/docking/results\ligand_10_out.pdbqt;../data/docking/results\ligand_10_log.txt;True;CNS(=O)(=O)c1ccccc1-c1ccc(NC(=O)Cc2c[nH]c3ccc(C(=N)N)cc23)cc1;10;
ligand_11;-9.247;../data/docking/results\ligand_11_out.pdbqt;../data/docking/results\ligand_11_log.txt;True;CC(Cc1ccc(C(=O)Oc2ccc(C(=N)N)cc2)o1)C(=O)NCCc1ccccc1;11;
ligand_12;-8.31;../data/docking/results\ligand_12_out.pdbqt;../data/docking/results\ligand_12_log.txt;True;Cc1nc(N)ccc1CNC(=O)Cn1c(C)ccc(NS(=O)(=O)Cc2ccccc2)c1=O;12;
ligand_13;-8.383;../data/docking/results\ligand_13_out.pdbqt;../data/docking/results\ligand_13_log.txt;True;CCC(CC)(Cc1ccc(C(=O)Oc2ccc(C(=N)N)cc2F)s1)C(=O)N[C@@H](CCC(=O)O)c1nnn[nH]1;13;
ligand_14;-8.567;../data/docking/results\ligand_14_out.pdbqt;../data/docking/results\ligand_14_log.txt;True;COc1ccc(-n2nc(C)cc2C(=O)Nc2ccc(-c3ccccc3S(N)(=O)=O)cc2)cc1;14;
ligand_15;-8.547;../data/docking/results\ligand_15_out.pdbqt;../data/docking/results\ligand_15_log.txt;True;CCC1CCN(C(=O)C(Cc2nc3ccccc3s2)NS(=O)(=O)c2cccc3c2NCC(C)(C)C3)CC1;15;
ligand_16;;;;False;CN1CCC(CCNC(=O)N2CCN(C(=O)O[C@H]3CCC[C@@H](OC(=O)N4CCN(C(=O)NCc5ccc(NC(=N)N)cc5)CC4)CCC3)CC2)CC1;16;timeout
ligand_17;-8.318;../data/docking/results\ligand_17_out.pdbqt;../data/docking/results\ligand_17_log.txt;True;COC(=O)CC(CCc1ccc(NS(=O)(=O)c2ccccc2)cc1)c1cccc(C(=N)N)c1;17;
ligand_19;;../data/docking/results\ligand_19_out.pdbqt;../data/docking/results\ligand_19_log.txt;False;Cc1cc(-c2ccccc2C(F)(F)F)ccc1C(=O)N[C@@H](CCCN=C(N)N)B1O[C@@H]2CC3CC(C3(C)C)[C@]2(C)O1;19;
ligand_20;-9.427;../data/docking/results\ligand_20_out.pdbqt;../data/docking/results\ligand_20_log.txt;True;COc1cc(C(Nc2ccc(C(=N)N)cc2)C(=O)NCc2ccccc2)ccc1OCc1ccccc1;20;
ligand_21;-8.255;../data/docking/results\ligand_21_out.pdbqt;../data/docking/results\ligand_21_log.txt;True;COc1cccc(S(=O)(=O)Nc2cccn(CC(=O)NCc3ccc(C(=N)N)cc3OC)c2=O)c1;21;
ligand_23;-9.069;../data/docking/results\ligand_23_out.pdbqt;../data/docking/results\ligand_23_log.txt;True;COc1ccc(-n2c(=O)n3n(c2=O)C(C(=O)NC(CCCCN)C(=O)C(=O)NCCc2ccc(C(N)=O)cc2)C=CC3CC(C)C)cc1;23;
ligand_24;-9.857;../data/docking/results\ligand_24_out.pdbqt;../data/docking/results\ligand_24_log.txt;True;O=C1c2c(c(C(F)(F)F)nn2-c2cc3ccccc3cc2F)CCN1C1CCN(N2CCOCC2=O)CC1;24;
ligand_25;-8.6;../data/docking/results\ligand_25_out.pdbqt;../data/docking/results\ligand_25_log.txt;True;N=C(N)c1ccc(O)c(/C=C/CNC(=O)c2ccc(-c3ccccc3S(N)(=O)=O)cc2)c1;25;
ligand_29;-8.1;../data/docking/results\ligand_29_out.pdbqt;../data/docking/results\ligand_29_log.txt;True;COc1ccc(-n2nc(C(F)(F)F)cc2C(=O)Nc2ccc(-c3ccccc3S(N)(=O)=O)cc2)c(CN)c1;29;
ligand_31;-7.456;../data/docking/results\ligand_31_out.pdbqt;../data/docking/results\ligand_31_log.txt;True;c1ccc(COc2ccc(CCNc3ccncc3)cc2)cc1;31;
ligand_32;-8.228;../data/docking/results\ligand_32_out.pdbqt;../data/docking/results\ligand_32_log.txt;True;COc1ccc(-n2nnnc2C(=O)Nc2ccc(-c3ccccc3S(N)(=O)=O)cc2)cc1N;32;
ligand_33;-7.745;../data/docking/results\ligand_33_out.pdbqt;../data/docking/results\ligand_33_log.txt;True;N=C(N)c1ccc2[nH]c(-c3cc(Br)ccc3O)nc2c1;33;
ligand_34;-8.474;../data/docking/results\ligand_34_out.pdbqt;../data/docking/results\ligand_34_log.txt;True;CC(Cc1cc(C(=O)Oc2ccc(C(=N)N)cc2)cs1)C(=O)N[C@@H](CC(=O)O)C(=O)O;34;
ligand_36;-8.724;../data/docking/results\ligand_36_out.pdbqt;../data/docking/results\ligand_36_log.txt;True;N=C(N)c1ccc(O)c(CN2CC[C@H](NS(=O)(=O)c3cc4cnccc4s3)C2=O)c1;36;
ligand_37;-9.321;../data/docking/results\ligand_37_out.pdbqt;../data/docking/results\ligand_37_log.txt;True;CS(=O)(=O)NCC1(C(=O)Nc2ccc(-c3ccccc3S(N)(=O)=O)cn2)CC(c2ccc3onc(N)c3c2)=NO1;37;
ligand_38;-7.39;../data/docking/results\ligand_38_out.pdbqt;../data/docking/results\ligand_38_log.txt;True;CC(C)C[C@@H](C(=O)N[C@@H](CCC(=O)O)C(=O)O)N(C)Cc1ccc(C(=O)Oc2ccc(C(=N)N)cc2F)s1;38;
ligand_39;;;;False;O=C(CCCCCn1ccnc1)N1CCN(C(=O)O[C@H]2CCC[C@@H](OC(=O)N3CCN(C(=O)CCCCCn4ccnc4)CC3)CCC2)CC1;39;timeout
ligand_40;-7.771;../data/docking/results\ligand_40_out.pdbqt;../data/docking/results\ligand_40_log.txt;True;N=C(N)c1ccc(OCC[C@H]2CCCCN2C(=O)[C@@H](CC2CCCCC2)NCC(=O)O)cc1;40;
ligand_42;-8.344;../data/docking/results\ligand_42_out.pdbqt;../data/docking/results\ligand_42_log.txt;True;Nc1cc[n+](Cc2ccc(OC(c3ccccc3)c3ccccc3)cc2)cc1;42;
ligand_43;-8.652;../data/docking/results\ligand_43_out.pdbqt;../data/docking/results\ligand_43_log.txt;True;Cn1c(CN2CCN(S(=O)(=O)c3cc4ccc(Cl)cc4s3)CC2=O)cc2cnccc21;43;
ligand_44;-7.942;../data/docking/results\ligand_44_out.pdbqt;../data/docking/results\ligand_44_log.txt;True;N[C@@H](C(=O)N1CCC[C@H]1C(=O)NCc1cc(Cl)ccc1OCC(=O)NC1CC1)C1CCCCC1;44;
ligand_45;;../data/docking/results\ligand_45_out.pdbqt;../data/docking/results\ligand_45_log.txt;False;CC(C)(C)OC(=O)Nc1cccc(-c2cccc(C(=O)N[C@@H](CCCN=C(N)N)B3O[C@@H]4CC5CC(C5(C)C)[C@]4(C)O3)c2)c1;45;
ligand_46;;;;False;NCc1ccc(CNC(=O)CCCC(=O)NCc2ccc(CNC(=O)CCCC(=O)NCc3ccc(CN)cc3)cc2)cc1;46;timeout
ligand_47;;;;False;N=C(N)Nc1ccc(CNC(=O)N2CCN(C(=O)O[C@H]3CCC[C@@H](OC(=O)N4CCN(C(=O)CCNc5ccncc5)CC4)CCC3)CC2)cc1;47;timeout
ligand_48;-6.491;../data/docking/results\ligand_48_out.pdbqt;../data/docking/results\ligand_48_log.txt;True;NCc1ccc(C(=O)Nc2ccccc2)cc1;48;
ligand_49;-9.016;../data/docking/results\ligand_49_out.pdbqt;../data/docking/results\ligand_49_log.txt;True;Cc1nc(N)ccc1CNC(=O)Cn1c(C)cc2c(c1=O)NC(=O)[C@H](Cc1ccccc1)C2;49;
ligand_50;;;;False;CN(CC(=O)NCc1ccc(CN)cc1)C(=O)OCc1ccc(COC(=O)N(C)CC(=O)NCc2ccc(CN)cc2)cc1;50;timeout
ligand_51;-9.679;../data/docking/results\ligand_51_out.pdbqt;../data/docking/results\ligand_51_log.txt;True;N=C(N)c1cccc(C(=O)N[C@@H](C(=O)N2CCN(C(=O)c3ccccc3)CC2)c2ccccc2)c1;51;
ligand_52;-8.592;../data/docking/results\ligand_52_out.pdbqt;../data/docking/results\ligand_52_log.txt;True;CNC(=O)C(=O)C(NC(=O)[C@@H]1CC[C@H]2CN(S(=O)(=O)Cc3ccccc3)CC(=O)N21)[C@H]1CC[C@H](N)CC1;52;
ligand_53;-7.38;../data/docking/results\ligand_53_out.pdbqt;../data/docking/results\ligand_53_log.txt;True;N=C(N)c1ccc2[nH]c(-c3ccccc3)nc2c1;53;
ligand_54;-7.511;../data/docking/results\ligand_54_out.pdbqt;../data/docking/results\ligand_54_log.txt;True;N=C(N)c1ccc(OC(=O)c2ccc(CCC(=O)N(CCC(=O)O)CC(=O)O)o2)cc1;54;
ligand_55;-8.577;../data/docking/results\ligand_55_out.pdbqt;../data/docking/results\ligand_55_log.txt;True;Cc1nc(N)ccc1CNC(=O)Cn1c(C)ccc(NS(=O)(=O)Cc2ccc(Cl)cc2)c1=O;55;
ligand_56;-8.532;../data/docking/results\ligand_56_out.pdbqt;../data/docking/results\ligand_56_log.txt;True;COc1cc(CNc2ccc(C(=N)N)cc2)ccc1OCc1ccccc1;56;
ligand_57;;../data/docking/results\ligand_57_out.pdbqt;../data/docking/results\ligand_57_log.txt;False;CC(=O)N[C@H](Cc1ccccc1)C(=O)N1CCC[C@H]1C(=O)N[C@@H](CCCn1ccnc1[N+](=O)[O-])B1O[C@@H]2CC3CC(C3(C)C)[C@]2(C)O1;57;
ligand_58;-7.813;../data/docking/results\ligand_58_out.pdbqt;../data/docking/results\ligand_58_log.txt;True;CCC(Cc1ccc(C(=O)Oc2ccc(C(=N)N)cc2)o1)C(=O)O;58;
ligand_59;-8.828;../data/docking/results\ligand_59_out.pdbqt;../data/docking/results\ligand_59_log.txt;True;CC(C)(Cc1ccc(C(=O)Oc2ccc(C(=N)N)cc2F)s1)C(=O)N[C@H]1CC=CC[C@H]1C(=O)O;59;
ligand_60;-9.225;../data/docking/results\ligand_60_out.pdbqt;../data/docking/results\ligand_60_log.txt;True;COC(=O)[C@H](Cc1cccc(C(=N)N)c1)[C@@H](C)NC(=O)c1ccc(-c2ccc(C(N)=O)cc2)cc1;60;
ligand_61;-8.992;../data/docking/results\ligand_61_out.pdbqt;../data/docking/results\ligand_61_log.txt;True;COC(=O)[C@H](Cc1cccc(C(=N)N)c1)[C@@H](C)NC(=O)c1ccc(-c2cccc(C(N)=O)c2)cc1;61;
ligand_62;-7.915;../data/docking/results\ligand_62_out.pdbqt;../data/docking/results\ligand_62_log.txt;True;NCc1ccc(CNC(=O)CC(=O)NCc2ccc(CNC(=O)CC(=O)NCc3ccc(CN)cc3)cc2)cc1;62;
ligand_63;-6.455;../data/docking/results\ligand_63_out.pdbqt;../data/docking/results\ligand_63_log.txt;True;COc1ccc(-c2nc3cc4c(cc3c(=O)o2)OCCCO4)c(OC)c1;63;
ligand_64;-7.914;../data/docking/results\ligand_64_out.pdbqt;../data/docking/results\ligand_64_log.txt;True;Cc1cnc(NCCc2ccccc2)c(=O)n1CC(=O)NCc1ccccn1;64;
ligand_65;-8.097;../data/docking/results\ligand_65_out.pdbqt;../data/docking/results\ligand_65_log.txt;True;Cc1nc(N)ccc1CNC(=O)Cn1c(C2CC2)ccc(NS(=O)(=O)Cc2ccc(Cl)cc2)c1=O;65;
ligand_66;-7.892;../data/docking/results\ligand_66_out.pdbqt;../data/docking/results\ligand_66_log.txt;True;CCC(CC)(Cc1ccc(C(=O)Oc2ccc(C(=N)N)cc2F)s1)C(=O)N1CCC[C@@H]1C(=O)O;66;
ligand_69;-7.751;../data/docking/results\ligand_69_out.pdbqt;../data/docking/results\ligand_69_log.txt;True;N=C(N)N1CCC(OCCC2CCCCN2C(=O)[C@H](CC(=O)O)NCC2CCCCC2)CC1;69;
Derivat_Cl;-6.452;../data/docking/results\Derivat_Cl_out.pdbqt;../data/docking/results\Derivat_Cl_log.txt;True;ClC1=CC=C(/C=C/C(OCC2=CC=C(Cl)C=C2)=O)C=C1;-1;
Derivat_NO2;-7.749;../data/docking/results\Derivat_NO2_out.pdbqt;../data/docking/results\Derivat_NO2_log.txt;True;ClC1=CC=C(/C=C/C(OCC2=CC=C([N+]([O-])=O)C=C2)=O)C=C1;-1;
