ligand_name;best_affinity_kcal_mol;output_pdbqt;log_file;success;Smiles;original_index;error;docking_pseudo_pKi;pKi;pKi_predicted
ligand_2;-9.448;../data/docking/results\ligand_2_out.pdbqt;../data/docking/results\ligand_2_log.txt;True;CCc1nc2cc(OC3CCN(C(C)=N)CC3)ccc2n1Cc1ccc(-c2ccc(C(=N)N)cc2)cc1;2;;6.929630289873985;6.82;6.948974854206191
ligand_3;-6.415;../data/docking/results\ligand_3_out.pdbqt;../data/docking/results\ligand_3_log.txt;True;CN(C(=O)C(Cc1ccc(CN)cc1)NS(=O)(=O)c1ccc2c(c1)CCCCC2)C1CCCC1;3;;4.705078144532346;5.2;5.156029009617899
ligand_4;-8.388;../data/docking/results\ligand_4_out.pdbqt;../data/docking/results\ligand_4_log.txt;True;Cc1cnc(NCCc2ccccc2)c(=O)n1CC(=O)NCc1cc(Cl)ccc1CN;4;;6.152173885633253;5.8;4.622183918826797
ligand_6;-8.6;../data/docking/results\ligand_6_out.pdbqt;../data/docking/results\ligand_6_log.txt;True;Cc1ccc(NC(=O)CCc2ccccc2)c(=O)n1CC(=O)NCC1CCN(C(=N)N)CC1;6;;6.307665166481399;6.03;5.681285543525632
ligand_7;-7.34;../data/docking/results\ligand_7_out.pdbqt;../data/docking/results\ligand_7_log.txt;True;c1ccc(COc2ccc(CNc3ccncc3)cc2)cc1;7;;5.383518874648079;3.632644078973981;4.009019285160751
ligand_8;-7.969;../data/docking/results\ligand_8_out.pdbqt;../data/docking/results\ligand_8_log.txt;True;COc1ccc(-n2nc(C(N)=O)c3c2C(=O)N(C2CCN(N4CCOCC4=O)CC2)CC3)cc1;8;;5.844858571126776;6.0;5.807858933553133
ligand_9;-7.616;../data/docking/results\ligand_9_out.pdbqt;../data/docking/results\ligand_9_log.txt;True;CC(Cc1ccc(C(=O)Oc2ccc(C(=N)N)cc2)o1)C(=O)NCCC(=O)O;9;;5.585950919525854;8.75;8.75979333333333
ligand_10;-9.687;../data/docking/results\ligand_10_out.pdbqt;../data/docking/results\ligand_10_log.txt;True;CNS(=O)(=O)c1ccccc1-c1ccc(NC(=O)Cc2c[nH]c3ccc(C(=N)N)cc23)cc1;10;;7.10492470554713;6.92;6.586485994592184
ligand_11;-9.247;../data/docking/results\ligand_11_out.pdbqt;../data/docking/results\ligand_11_log.txt;True;CC(Cc1ccc(C(=O)Oc2ccc(C(=N)N)cc2)o1)C(=O)NCCc1ccccc1;11;;6.78220695284343;8.24;8.681700000000001
ligand_12;-8.31;../data/docking/results\ligand_12_out.pdbqt;../data/docking/results\ligand_12_log.txt;True;Cc1nc(N)ccc1CNC(=O)Cn1c(C)ccc(NS(=O)(=O)Cc2ccccc2)c1=O;12;;6.094964829472144;5.5;5.502053918239553
ligand_13;-8.383;../data/docking/results\ligand_13_out.pdbqt;../data/docking/results\ligand_13_log.txt;True;CCC(CC)(Cc1ccc(C(=O)Oc2ccc(C(=N)N)cc2F)s1)C(=O)N[C@@H](CCC(=O)O)c1nnn[nH]1;13;;6.148506638443438;8.48;8.724413333333334
ligand_14;-8.567;../data/docking/results\ligand_14_out.pdbqt;../data/docking/results\ligand_14_log.txt;True;COc1ccc(-n2nc(C)cc2C(=O)Nc2ccc(-c3ccccc3S(N)(=O)=O)cc2)cc1;14;;6.283461335028623;5.823908740944319;5.7285013012393575
ligand_15;-8.547;../data/docking/results\ligand_15_out.pdbqt;../data/docking/results\ligand_15_log.txt;True;CCC1CCN(C(=O)C(Cc2nc3ccccc3s2)NS(=O)(=O)c2cccc3c2NCC(C)(C)C3)CC1;15;;6.268792346269364;3.585026652029182;4.910796258445099
ligand_17;-8.318;../data/docking/results\ligand_17_out.pdbqt;../data/docking/results\ligand_17_log.txt;True;COC(=O)CC(CCc1ccc(NS(=O)(=O)c2ccccc2)cc1)c1cccc(C(=N)N)c1;17;;6.100832424975847;6.21;6.91010148686112
ligand_20;-9.427;../data/docking/results\ligand_20_out.pdbqt;../data/docking/results\ligand_20_log.txt;True;COc1cc(C(Nc2ccc(C(=N)N)cc2)C(=O)NCc2ccccc2)ccc1OCc1ccccc1;20;;6.914227851676762;6.68;6.029348607292272
ligand_21;-8.255;../data/docking/results\ligand_21_out.pdbqt;../data/docking/results\ligand_21_log.txt;True;COc1cccc(S(=O)(=O)Nc2cccn(CC(=O)NCc3ccc(C(=N)N)cc3OC)c2=O)c1;21;;6.0546251103841815;7.92;6.795410661342429
ligand_23;-9.069;../data/docking/results\ligand_23_out.pdbqt;../data/docking/results\ligand_23_log.txt;True;COc1ccc(-n2c(=O)n3n(c2=O)C(C(=O)NC(CCCCN)C(=O)C(=O)NCCc2ccc(C(N)=O)cc2)C=CC3CC(C)C)cc1;23;;6.6516529528860255;9.55;7.526998789376644
ligand_24;-9.857;../data/docking/results\ligand_24_out.pdbqt;../data/docking/results\ligand_24_log.txt;True;O=C1c2c(c(C(F)(F)F)nn2-c2cc3ccccc3cc2F)CCN1C1CCN(N2CCOCC2=O)CC1;24;;7.229611110000833;6.0;5.530865611887231
ligand_25;-8.6;../data/docking/results\ligand_25_out.pdbqt;../data/docking/results\ligand_25_log.txt;True;N=C(N)c1ccc(O)c(/C=C/CNC(=O)c2ccc(-c3ccccc3S(N)(=O)=O)cc2)c1;25;;6.307665166481399;5.82;6.086496596492058
ligand_29;-8.1;../data/docking/results\ligand_29_out.pdbqt;../data/docking/results\ligand_29_log.txt;True;COc1ccc(-n2nc(C(F)(F)F)cc2C(=O)Nc2ccc(-c3ccccc3S(N)(=O)=O)cc2)c(CN)c1;29;;5.940940447499923;5.795880017344075;6.0183259018080575
ligand_31;-7.456;../data/docking/results\ligand_31_out.pdbqt;../data/docking/results\ligand_31_log.txt;True;c1ccc(COc2ccc(CCNc3ccncc3)cc2)cc1;31;;5.468599009451782;3.245651664288981;3.9513253608132737
ligand_32;-8.228;../data/docking/results\ligand_32_out.pdbqt;../data/docking/results\ligand_32_log.txt;True;COc1ccc(-n2nnnc2C(=O)Nc2ccc(-c3ccccc3S(N)(=O)=O)cc2)cc1N;32;;6.034821975559181;5.795880017344075;5.6492544412391
ligand_33;-7.745;../data/docking/results\ligand_33_out.pdbqt;../data/docking/results\ligand_33_log.txt;True;N=C(N)c1ccc2[nH]c(-c3cc(Br)ccc3O)nc2c1;33;;5.680565897023074;4.85;5.482339606158033
ligand_34;-8.474;../data/docking/results\ligand_34_out.pdbqt;../data/docking/results\ligand_34_log.txt;True;CC(Cc1cc(C(=O)Oc2ccc(C(=N)N)cc2)cs1)C(=O)N[C@@H](CC(=O)O)C(=O)O;34;;6.2152505372980675;8.07;9.15233111111111
ligand_36;-8.724;../data/docking/results\ligand_36_out.pdbqt;../data/docking/results\ligand_36_log.txt;True;N=C(N)c1ccc(O)c(CN2CC[C@H](NS(=O)(=O)c3cc4cnccc4s3)C2=O)c1;36;;6.398612896788807;5.537602002101044;5.77782074233376
ligand_37;-9.321;../data/docking/results\ligand_37_out.pdbqt;../data/docking/results\ligand_37_log.txt;True;CS(=O)(=O)NCC1(C(=O)Nc2ccc(-c3ccccc3S(N)(=O)=O)cn2)CC(c2ccc3onc(N)c3c2)=NO1;37;;6.836482211252689;5.2839966563652006;5.394858100387562
ligand_38;-7.39;../data/docking/results\ligand_38_out.pdbqt;../data/docking/results\ligand_38_log.txt;True;CC(C)C[C@@H](C(=O)N[C@@H](CCC(=O)O)C(=O)O)N(C)Cc1ccc(C(=O)Oc2ccc(C(=N)N)cc2F)s1;38;;5.420191346546226;9.15;9.11449999999999
ligand_40;-7.771;../data/docking/results\ligand_40_out.pdbqt;../data/docking/results\ligand_40_log.txt;True;N=C(N)c1ccc(OCC[C@H]2CCCCN2C(=O)[C@@H](CC2CCCCC2)NCC(=O)O)cc1;40;;5.699635582410112;5.14;6.205635589261619
ligand_42;-8.344;../data/docking/results\ligand_42_out.pdbqt;../data/docking/results\ligand_42_log.txt;True;Nc1cc[n+](Cc2ccc(OC(c3ccccc3)c3ccccc3)cc2)cc1;42;;6.119902110362884;3.2865094569060576;5.113694602865482
ligand_43;-8.652;../data/docking/results\ligand_43_out.pdbqt;../data/docking/results\ligand_43_log.txt;True;Cn1c(CN2CCN(S(=O)(=O)c3cc4ccc(Cl)cc4s3)CC2=O)cc2cnccc21;43;;6.345804537255472;5.537602002101044;5.375949101632075
ligand_44;-7.942;../data/docking/results\ligand_44_out.pdbqt;../data/docking/results\ligand_44_log.txt;True;N[C@@H](C(=O)N1CCC[C@H]1C(=O)NCc1cc(Cl)ccc1OCC(=O)NC1CC1)C1CCCCC1;44;;5.825055436301777;4.75;5.151762389894528
ligand_48;-6.491;../data/docking/results\ligand_48_out.pdbqt;../data/docking/results\ligand_48_log.txt;True;NCc1ccc(C(=O)Nc2ccccc2)cc1;48;;4.760820301817531;0.6990000000071107;0.9221382732839152
ligand_49;-9.016;../data/docking/results\ligand_49_out.pdbqt;../data/docking/results\ligand_49_log.txt;True;Cc1nc(N)ccc1CNC(=O)Cn1c(C)cc2c(c1=O)NC(=O)[C@H](Cc1ccccc1)C2;49;;6.612780132673988;4.9;5.423448573794231
ligand_51;-9.679;../data/docking/results\ligand_51_out.pdbqt;../data/docking/results\ligand_51_log.txt;True;N=C(N)c1cccc(C(=O)N[C@@H](C(=O)N2CCN(C(=O)c3ccccc3)CC2)c2ccccc2)c1;51;;7.099057110043427;6.34;5.705751609516709
ligand_52;-8.592;../data/docking/results\ligand_52_out.pdbqt;../data/docking/results\ligand_52_log.txt;True;CNC(=O)C(=O)C(NC(=O)[C@@H]1CC[C@H]2CN(S(=O)(=O)Cc3ccccc3)CC(=O)N21)[C@H]1CC[C@H](N)CC1;52;;6.301797570977697;5.62;6.048168776488686
ligand_53;-7.38;../data/docking/results\ligand_53_out.pdbqt;../data/docking/results\ligand_53_log.txt;True;N=C(N)c1ccc2[nH]c(-c3ccccc3)nc2c1;53;;5.4128568521665965;4.26;5.160102435641795
ligand_54;-7.511;../data/docking/results\ligand_54_out.pdbqt;../data/docking/results\ligand_54_log.txt;True;N=C(N)c1ccc(OC(=O)c2ccc(CCC(=O)N(CCC(=O)O)CC(=O)O)o2)cc1;54;;5.508938728539744;8.89;8.863141666666671
ligand_55;-8.577;../data/docking/results\ligand_55_out.pdbqt;../data/docking/results\ligand_55_log.txt;True;Cc1nc(N)ccc1CNC(=O)Cn1c(C)ccc(NS(=O)(=O)Cc2ccc(Cl)cc2)c1=O;55;;6.290795829408252;5.58;5.395325767711473
ligand_56;-8.532;../data/docking/results\ligand_56_out.pdbqt;../data/docking/results\ligand_56_log.txt;True;COc1cc(CNc2ccc(C(=N)N)cc2)ccc1OCc1ccccc1;56;;6.257790604699919;6.24;6.067919942401407
ligand_58;-7.813;../data/docking/results\ligand_58_out.pdbqt;../data/docking/results\ligand_58_log.txt;True;CCC(Cc1ccc(C(=O)Oc2ccc(C(=N)N)cc2)o1)C(=O)O;58;;5.730440458804556;8.78;8.753663333333328
ligand_59;-8.828;../data/docking/results\ligand_59_out.pdbqt;../data/docking/results\ligand_59_log.txt;True;CC(C)(Cc1ccc(C(=O)Oc2ccc(C(=N)N)cc2F)s1)C(=O)N[C@H]1CC=CC[C@H]1C(=O)O;59;;6.474891638336953;8.7;8.801499999999999
ligand_60;-9.225;../data/docking/results\ligand_60_out.pdbqt;../data/docking/results\ligand_60_log.txt;True;COC(=O)[C@H](Cc1cccc(C(=N)N)c1)[C@@H](C)NC(=O)c1ccc(-c2ccc(C(N)=O)cc2)cc1;60;;6.766071065208246;7.38;6.3925895667645225
ligand_61;-8.992;../data/docking/results\ligand_61_out.pdbqt;../data/docking/results\ligand_61_log.txt;True;COC(=O)[C@H](Cc1cccc(C(=N)N)c1)[C@@H](C)NC(=O)c1ccc(-c2cccc(C(N)=O)c2)cc1;61;;6.595177346162878;7.05;6.64718406385681
ligand_62;-7.915;../data/docking/results\ligand_62_out.pdbqt;../data/docking/results\ligand_62_log.txt;True;NCc1ccc(CNC(=O)CC(=O)NCc2ccc(CNC(=O)CC(=O)NCc3ccc(CN)cc3)cc2)cc1;62;;5.805252301476777;3.4989407377822483;2.357686879119123
ligand_63;-6.455;../data/docking/results\ligand_63_out.pdbqt;../data/docking/results\ligand_63_log.txt;True;COc1ccc(-c2nc3cc4c(cc3c(=O)o2)OCCCO4)c(OC)c1;63;;4.734416122050865;5.0;5.237051003830377
ligand_64;-7.914;../data/docking/results\ligand_64_out.pdbqt;../data/docking/results\ligand_64_log.txt;True;Cc1cnc(NCCc2ccccc2)c(=O)n1CC(=O)NCc1ccccn1;64;;5.804518852038814;3.0;4.164083702399108
ligand_65;-8.097;../data/docking/results\ligand_65_out.pdbqt;../data/docking/results\ligand_65_log.txt;True;Cc1nc(N)ccc1CNC(=O)Cn1c(C2CC2)ccc(NS(=O)(=O)Cc2ccc(Cl)cc2)c1=O;65;;5.938740099186034;5.72;5.065311551693912
ligand_66;-7.892;../data/docking/results\ligand_66_out.pdbqt;../data/docking/results\ligand_66_log.txt;True;CCC(CC)(Cc1ccc(C(=O)Oc2ccc(C(=N)N)cc2F)s1)C(=O)N1CCC[C@@H]1C(=O)O;66;;5.788382964403629;8.45;8.330466666666675
ligand_69;-7.751;../data/docking/results\ligand_69_out.pdbqt;../data/docking/results\ligand_69_log.txt;True;N=C(N)N1CCC(OCCC2CCCCN2C(=O)[C@H](CC(=O)O)NCC2CCCCC2)CC1;69;;5.684966593650852;5.8;5.881159702119521
Derivat_Cl;-6.452;../data/docking/results\Derivat_Cl_out.pdbqt;../data/docking/results\Derivat_Cl_log.txt;True;ClC1=CC=C(/C=C/C(OCC2=CC=C(Cl)C=C2)=O)C=C1;-1;;4.732215773736976;;
Derivat_NO2;-7.749;../data/docking/results\Derivat_NO2_out.pdbqt;../data/docking/results\Derivat_NO2_log.txt;True;ClC1=CC=C(/C=C/C(OCC2=CC=C([N+]([O-])=O)C=C2)=O)C=C1;-1;;5.683499694774927;;
